id,unique_id,first_name,surname,dob,city,email,groupId
1,1,Julia,Taylor,2015-07-31,London,hannah88@powers.com,123
2,2,Julia,Taylor,2016-01-27,London,hannah88@powers.com,123
3,3,Julia,Taylor,2015-10-29,"",hannah88opowersc@m,123
4,4,oNah,Watson,2008-03-23,Bolton,matthew78@ballard-mcdonald.net,4
5,5,Noah,Watson,2008-03-23,Bolton,matthew78@ballard-mcdonald.net,957
6,6,Watson,Noah,2008-03-23,"",matthew78@ballard-mcdonald.net,610118
7,7,Noah,Watson,2008-02-05,tolon,matthew78@ballard-mcdonald.net,957
8,8,Watson,Noah,2008-06-15,Bolton,matthew78@ballard-mcdonald.net,610118
9,9,Noah,Watson,2008-01-19,Bolton,"",957
10,10,Watson,Noah,2008-03-23,Bolton,matthbw78eallard-mcdonald.net,610118
11,11,Watson,Noah,2008-01-21,Bolno,matthea78@bwllar-mcdonald.net,610118
13,13,Molly,Bell,2002-01-05,Peterborough,"",1314
14,14,Moly,Bell,2002-01-05,Peterborough,lricsaunders@sievaadams.info,1314
15,15,Alexander,Amelia,1983-05-19,Glasgow,ic-mpbell@allealewis.org,15
16,16,Amelia,Alexander,1983-05-19,Glaogw,"",161718
17,17,Amelia,Alexander,1983-04-30,Glasgow,icampbeal@lllen-lews.org,161718
18,18,Amelia,Alexander,1983-05-19,Glasgow,icampbell@allen-lewis.org,161718
19,19,lmeAi,Alexander,1983-05-19,Glasgow,icampbell@allen-lewis.org,19
20,20,Ol vri,ynnollC,1972-03-08,Plymouth,derekwilliams@norris.com,20
21,21,Oliver,Connolly,1972-03-08,Plymouth,"",21
24,24,Thompson,Ollie,1996-03-22,"",jefferyduke@brown-salazar.org,24
26,26,Ollie,Thompson,1996-03-22,Leeds,jefferyduke@brown-alazar.org,26
27,27,Matilda,Hsrir,1983-04-30,London,patrcio47@davis.cam,27
29,29,Harris,Matilda,1983-04-30,London,patricia47@davis.com,3129
30,30,Matilda,Harris,1983-03-03,London,patricia47@davis.com,30
31,31,Harris,Matilda,1983-05-24,London,"",3129
32,32,Baxter,Aria,1992-09-07,London,christineshepherd@allen.com,3432
33,33,Aria,Baxter,1992-09-07,London,christineshepherd@allen.com,333536
34,34,Baxter,Aria,1992-09-30,London,christineshepherd@allen.com,3432
35,35,Aria,Baxter,1992-09-07,London,christineshepherd@allen.com,333536
36,36,Aria,Baxter,1992-09-07,London,christineshepherd@allen.com,333536
37,37,Wilson,Charlie,1998-09-15,London,samantha81@henry.com,37
38,38,Olivia,Andrews,2009-01-23,"",hesterkurt@taylor-fitzgerald.com,4238413940
39,39,Olivia,Andrews,2009-01-23,London,hesterkurt@taylor-fitzgerald.com,4238413940
40,40,Olivia,Andrews,2009-03-24,London,hesterkurt@taylor-fitzgerald.com,4238413940
41,41,Olivia,Andrews,2009-01-23,London,hesterkurt@taylor-fitzgerald.com,4238413940
42,42,Olivia,Andrews,2009-01-23,London,hesterkuot@taylrr-fitzgeraldcom,4238413940
43,43,Chloe,Macdonald,2015-02-04,"",jennifer25@hill.biz,43
44,44,Millie,Harrs,1996-07-27,London,lynn04@jones.com,4645444847
45,45,Millie,Harris,1996-07-27,London,lynn04@jones.com,4645444847
46,46,Millie,Harris,1996-07-27,London,lynn04@jone.cos,4645444847
47,47,Mliie,Harris,1996-06-05,London,l0nny4@ones.com,4645444847
48,48,Millie,Harris,1996-07-27,"",lynn04@jones.com,4645444847
50,50,Thedore,Maxwell,1982-10-19,Leeds,markstewart@gross.com,5257535051
51,51,Theodore,Maxwell,1982-10-19,Leeds,markstewart@gross.com,5257535051
52,52,Theodore,Maxwell,1982-10-19,"","",5257535051
53,53,Theodore,Maxwell,1982-10-19,Leeds,markstewart@gross.com,5257535051
56,56,Thedero,Mxwell,1983-01-18,Leeds,markstewart@gross.com,56
57,57,Theodore,Maxwell,1982-10-19,Lees,markstewart@gross.com,5257535051
59,59,Elijah,James,1970-03-24,Sunderland,barbaraolson@smith.com,59
60,60,James,Elijah,1970-06-30,Sunderland,barbaraolson@smith.com,60
61,61,Elijah,saeJ,1970-06-01,Sunderland,"",61
63,63,Maya,Jones,2010-08-05,Sunderland,erin01@york.com,66636865
64,64,Jones,Maya,2010-06-21,Sunderland,erin01@york.com,64
65,65,Maya,Jones,2010-10-20,Sudderlnn,erin01@york.com,66636865
66,66,Maya,Jones,2010-08-05,Sunderland,erino@y0rk.com,66636865
67,67,Maya,Jnos,2010-07-12,Sunderland,erin01@york.com,67
68,68,Maya,Jones,2010-10-18,Sunderland,erin01@york.com,66636865
69,69,Isabella,Coepo,1987-11-18,Stockton-Tn-oee,imoore@turner-gonzalez.info,69
70,70,Isabelal,Cooper,1987-11-18,Stockton-on-Tees,imoore@turner-gonzalez.info,7870717275
71,71,Isabella,Cooper,1987-11-18,Stockton-on-Tees,imoore@turner-gonzalez.info,7870717275
72,72,Isabella,Cooper,1987-11-18,Stockton-on-Tees,imoore@turner-gonzalez.info,7870717275
73,73,Isabella,ropeC,1987-11-18,Stockton-on-Tees,imoore@turner-gonzalez.info,73
74,74,Cooper,Isabella,1987-11-18,Stockton-on-Tees,imoee@turnrr-gonzalez.info,7477
75,75,Isabella,Cooper,1987-11-18,Stockton-on-Tees,imoore@turner-gnzalze.info,7870717275
77,77,Cooper,Isabella,1987-11-18,Stocton-ok-Tees,imoore@turner-gonzalez.info,7477
78,78,Isabell,Coopr,1987-11-18,Stockton-on-Tees,imoore@turner-gonzalez.info,7870717275
79,79,Carr,Ethan,2013-01-21,London,stacyball@medina.biz,847980
80,80,Carr,Ethan,2012-11-15,London,stacyball@medina.biz,847980
81,81,Etnah,Carr,2013-01-21,London,stacyball@medina.biz,81
82,82,Eh na,Carr,2013-01-21,London,stacyball@medina.biz,82
83,83,Ethan,Cra,2013-01-21,London,"",868783
84,84,Carr,Ethan,2012-10-21,London,stacyball@medina.biz,847980
86,86,Ethan,Crr,2013-01-21,Londo,stacyball@medina.biz,868783
87,87,Ethan,Carr,2012-12-23,"",stacyball@medina.biz,868783
88,88,Eva,Harris,1971-01-29,Birmingham,vwilson@reyes-torres.com,88
89,89,Chirla,Taylor,2006-06-28,London,mbrooks@booker.com,89
90,90,Charlie,Tarlo,2006-04-03,London,mbrooks@booker.com,90
91,91,Lilly,Jones,2003-12-30,"",samue91rcu@ry.info,919592
92,92,Lilly,Jones,2004-01-25,Brighton,samuel91@curry.info,919592
94,94,Jones,Lilly,2003-11-25,Brighton,"",94
95,95,Lilly,Jones,2003-11-25,Brighton,samuel91@curry.info,919592
96,96,Morris,Noah,1983-07-20,Birmingham,"",96103101
97,97,Noah,Morris,1983-07-20,Birmingham,emilysmith@irwin-medina.biz,1029910497
99,99,Noah,Morris,1983-07-20,Birmingham,emilysmith@irwin-medina.biz,1029910497
101,101,Morris,Noah,1983-07-20,Birmngham,"",96103101
102,102,Noah,Morris,1983-07-20,Birmingham,emilysmith@irwin-medina.biz,1029910497
103,103,Morris,Noah,1983-07-20,Birmingham,emilysmith@irwin-medina.biz,96103101
104,104,Noah,Morir,1983-07-20,Birmingham,emilysmithirwni-medina.biz,1029910497
105,105,Harry,Tomas,2011-07-30,Belast,sandra26@anderson-davis.com,109105108107111
106,106,Thomas,Harry,2011-07-30,Belfast,"",114106
107,107,Harry,Thomas,2011-07-30,Belfts,sandra26@anderson-davis.com,109105108107111
108,108,Hary,Thomas,2011-07-30,Belfast,sandr26@andersdn-oavis.com,109105108107111
109,109,Harry,Thomas,2011-07-30,elfast,sandra26@anderson-davis.com,109105108107111
111,111,aHry,Thomas,2011-07-30,Belfast,sandra26@anderson-davis.com,109105108107111
112,112,Hayr,Tsomh,2011-07-30,leBast,sandra26@anderson-davis.com,112
113,113,Harry,mhoTa,2011-07-30,Belfast,sandra26@anderson-davis.com,113
114,114,Thomas,Harry,2011-09-18,"",sandra26@and.rsondavisecom,114106
118,118,Daniel,Ellis,2013-01-14,Stoke-on-Trent,wmcdaniel@nelson.net,121118
120,120,Daniel,sliE,2013-01-14,Stoke-on-Trent,"",120
121,121,Daniel,Ellis,2013-01-14,Stoke-on-Trent,wmcdaniel@nelson.net,121118
122,122,Isabella,Wallca,2000-03-24,London,hilltheresa@pearson.org,122124
124,124,Isabella,Wallace,2000-02-01,Ldnon,hilltheresa@pearson.org,122124
125,125,Wallace,Isabella,2000-02-01,London,hillt.eres@pearsonhorg,125
127,127,Isabella,cllaWe,2000-02-01,London,hilltheresa@pearson.org,127
128,128,Edward,wLis,2005-04-09,"",whitakernichole@booth.com,128
130,130,ddwaE,Lewis,2005-05-26,oLndo,"",130
131,131,Edward,Lewis,2005-05-26,London,whitakernichole@booth.com,131
132,132,Lewis,Edward,2005-05-26,London,whitakernichole@booth.com,132
133,133,Harriet,Jones,1980-06-23,London,trobinson@garza.com,139133138134
134,134,Harrit,Joes,1980-06-23,London,trobinson@garza.com,139133138134
136,136,Jones,Harriet,1980-06-19,London,trobinson@garza.com,136140
138,138,Hariet,Joes,1980-06-23,London,trobinson@garza.com,139133138134
139,139,Harriet,Jones,1980-06-14,London,trobinson@garza.com,139133138134
140,140,Jones,Harriet,1980-06-23,London,trobinson@garza.com,136140
141,141,Harriet,Jnoe,1980-03-25,London,trobinson@garza.com,141
142,142,Harry,Taylor,2017-11-24,London,coltonray@lee.com,147148142
143,143,Taylor,Harry,2017-11-24,London,coltonray@lee.com,143144
144,144,Taylor,Harry,2017-11-24,London,coltonray@lee.com,143144
146,146,Hayr,Tarlo,2017-10-24,London,coltonray@lee.com,146
147,147,Harry,Taylr,2017-11-24,noLdo,coltonray@lee.com,147148142
148,148,Harry,Taylor,2017-09-01,London,coltonray@lee.com,147148142
149,149,aHry,Hill,2017-12-05,Sheffield,zporter@robinson.com,153152149150154
150,150,Harry,Hill,2017-09-21,Sheffield,zporter@robinson.com,153152149150154
151,151,Harry,llH,2017-10-20,Sheffield,zportsr@robineo.com,151
152,152,Harry,Hill,2017-10-23,Sheffield,zporter@robinson.com,153152149150154
153,153,Harry,Hil,2017-10-23,"",zporter@robinson.com,153152149150154
154,154,Harry,Hill,2017-10-23,"",zporter@robinson.com,153152149150154
155,155,Hill,Harry,2017-10-23,Sheffield,zorter@robpnson.com,155
156,156,Enht,Brow,2010-12-22,Manchester,petersbrandon@cox.com,156
157,157,Ethan,Brown,2010-12-22,Manchester,petersbrandon@cox.com,161157158163
158,158,Ethan,Brown,2010-12-22,Manchester,petersbrandon@cox.com,161157158163
159,159,Brown,Ethan,2010-12-22,Manchester,petersbrandon@cox.com,159160
160,160,Brown,Ethan,2010-12-22,tanchesMe,petersbrandon@cox.com,159160
161,161,Ethan,Brown,2010-12-22,Manchester,petersbrandon@cox.com,161157158163
163,163,Ethan,Brown,2010-12-22,Manchester,petersbrandon@cox.com,161157158163
164,164,Nathan,Mcdonald,1996-09-09,London,barbara84@robbins.biz,170164165169167168
165,165,Nathan,Mcdonald,1996-09-09,London,barbara84@robbins.biz,170164165169167168
167,167,Nathan,Mcdonald,1996-09-09,Lndon,barbara84@robbins.biz,170164165169167168
168,168,Ntaan,Mcdonald,1996-09-09,London,"",170164165169167168
169,169,Nathan,lconaMd,1996-09-09,London,birara84@robbins.baz,170164165169167168
170,170,Nthaa,Mcdonald,1996-09-09,Londo,barbara84@robbins.biz,170164165169167168
172,172,Clara,Bolton,2013-06-11,London,judy30@smith.biz,172173174175
173,173,Clara,Bolon,2013-07-11,"",judy30@smith.biz,172173174175
174,174,Clara,Bolton,2013-06-26,London,judy30@smith.biz,172173174175
175,175,Clara,Bolton,2013-09-26,London,juym0@s3ith.biz,172173174175
179,179,Elliot,Jones,1983-11-16,Leeds,phumphrey@htnson-johnson.na,179180184986
180,180,Ellit,Jones,1983-11-16,"",phumphrey@hanson-johnson.net,179180184986
181,181,Jones,Elliot,1983-11-16,Leeds,phumphrey@han-onsjohnsn.net,181
182,182,illEo,Jones,1983-11-16,Leeds,phumphrey@hanson-johnson.net,881866879858883182864882
184,184,Elliot,Jones,1983-12-29,Leeds,phumphrey@hanson-johnson.net,179180184986
185,185,Gray,Jessica,1971-08-18,"",scottcervantes@johnson-rich.com,185
186,186,Jessica,Gray,1971-08-18,London,scottcervantes@johnson-rich.com,186
187,187,Jessica,Gar,1971-08-18,"",tcostcervantes@johnsonrich.com,187
188,188,Eva,leB,2001-08-09,"",shepcerdtara@fores.hom,188
189,189,Eva,Bell,2001-08-11,London,shepherdara@flores.com,190192189193
190,190,Eva,Bell,2001-08-11,"","",190192189193
192,192,Eva,Bell,2001-08-11,Lodon,shepherdtara@flores.com,190192189193
193,193,Eva,Bell,2001-11-08,oondn,shepherdtara@flores.com,190192189193
195,195,Jacob,Eans,1987-02-06,Southend-on-Sea,"",202196198203195
196,196,Jacob,Evans,1987-02-06,Southen-donSea,barrygary@flores.com,202196198203195
197,197,J obc,Evans,1987-02-06,Southend-on-Sea,barrygary@flores.com,197
198,198,Jacob,Evans,1987-02-06,Southend-on-Sea,barrygary@flores.com,202196198203195
200,200,Evans,Jacob,1987-02-06,Southend-on-Sea,barrygary@flores.com,201200
201,201,Evans,Jacob,1987-02-06,Souhend-oS-nea,barrygary@flores.com,201200
202,202,Jacob,Evans,1987-02-06,Southend-on-Sea,baorygary@flores.cm,202196198203195
203,203,Jacob,Evans,1987-02-06,Southend-on-Sea,barrygary@flores.com,202196198203195
204,204,J cob,Thomas,2007-05-28,Sudlreand,hknapp@davis-allen.info,204208207
205,205,bacJ,Thomas,2007-05-28,Sunderland,hknapp@davis-allen.info,205
206,206,Thomas,Jacob,2007-07-06,Sunderland,hknapp@davis-allen.info,206
207,207,Jacob,Thomas,2007-05-28,"",hknapp@davis-allen.info,204208207
208,208,Jacob,Thomas,2007-05-28,Sunderland,hknapp@davis-allen.info,204208207
209,209,Thompson,Freddie,1999-07-23,Peterborough,scottsalinas@hughes-lopez.com,209
210,210,Freddie,Thompson,1999-07-23,Peterborough,scottsalinah@ughes-lopez.com,212210211
211,211,Freddie,Thompson,1999-07-23,"",scottsalinas@hughes-lopez.com,212210211
212,212,Freddie,Thompson,1999-07-23,Peterborough,scottsalinas@hughes-lopez.com,212210211
214,214,Oscar,Fiher,2002-10-23,Derby,kevin40@harrell.net,215217214
215,215,Oscar,Fisher,2002-10-07,"",kevin40@harrell.net,215217214
216,216,sarO,Fisher,2002-10-07,Derby,kevin40@harrell.net,216
217,217,Oscar,Fisher,2002-10-07,Derby,kevin40@harrell.net,215217214
219,219,Esme,Davies,2011-07-19,Bristol,gordonlaurie@harvey.biz,219
220,220,Amber,Smith,2003-05-12,"",barrerakevin@sherman.org,220224221
221,221,Amber,Smith,2003-05-12,Sunderland,barrerakevin@sherman.org,220224221
223,223,Amber,tmih,2003-06-15,Sunderland,barrerakevin@sherman.org,223
224,224,Amber,Smith,2003-05-12,Sunderland,barrerakevin@sherman.org,220224221
225,225,Amber,Shtm,2003-05-12,Sunderland,barrerakevin@sherman.org,225
227,227,Smith,Amber,2003-05-06,Sunderland,"",227228
228,228,Smith,Amber,2003-02-17,rndeSland,barrerakevih@sneran.org,227228
230,230,Charlotte,Cooper,1995-07-11,Sunderland,toddseon@wilkins-buran.biz,234233236230231235232
231,231,Chlraotte,Cooper,1995-07-11,Sunderland,toddsean@wilkins-burton.biz,234233236230231235232
232,232,Charlotte,Cooper,1995-07-11,Sunderland,toddsean@wilkins-burton.biz,234233236230231235232
233,233,Charlotte,Cooper,1995-07-11,Sunderland,"",234233236230231235232
234,234,Charlote,Cooper,1995-07-11,Sunderland,toddsean@wilkins-burton.biz,234233236230231235232
235,235,Chaloett,Cooper,1995-07-11,Sunderland,toddsean@wilkins-burton.biz,234233236230231235232
236,236,Charlotte,Coper,1995-06-17,Sunderland,toddsean@wilkins-burton.biz,234233236230231235232
239,239,Ryan,Turner,1990-03-21,London,onorman@walker.info,241242239
240,240,Turner,Ryan,1990-06-04,London,onorman@walker.info,240
241,241,Ryan,runer,1990-03-21,London,onorman@walker.info,241242239
242,242,Ryan,Turner,1990-03-21,London,onorman@walker.info,241242239
243,243,iredFe,Bartlett,1979-02-19,London,virginia80@henson.info,243
244,244,Joshua,Harrison,2015-09-06,Sounhetd-onSea,zacharymays@hill.com,249247248244245251
245,245,Joshua,Harrison,2015-09-06,Southend-on-Sea,zacharymays@hill.com,249247248244245251
246,246,Harrison,Joshua,2015-07-31,Southend-on-Sea,"",246250
247,247,Joshua,Harrison,2015-09-06,Southend-on-Sea,zacharymays@hill.com,249247248244245251
248,248,Joshua,Harrison,2015-09-06,"",zacharymays@hill.com,249247248244245251
249,249,Joshua,Harrison,2015-09-06,Souohnd-tn-Sea,zacharymays@hill.com,249247248244245251
250,250,Harrison,Joshua,2015-09-06,Southend-on-Sea,zacharymays@hill.com,246250
251,251,Joshua,Harrison,2015-12-11,Southend-on-Sea,zacharyoays@hill.cm,249247248244245251
252,252,Mohammed,Owen,2018-01-14,Cardiff,"",252256259255258254
253,253,Moahmed,wOe,2018-01-14,Cardiff,gkennedy@vincent.com,253
254,254,Mohammed,Owen,2018-01-14,"",gkennedy@vincent.com,252256259255258254
255,255,Mohammed,Owen,2018-03-26,Cafifr,gkennedy@vincent.com,252256259255258254
256,256,Mohammed,Owen,2018-01-14,Cardiff,gkennedy@vincent.com,252256259255258254
257,257,Mohammed,Oew,2018-01-14,Cardiff,gkennedy@vincent.com,257
258,258,Mohammed,Owen,2018-01-14,Cardiff,gkennedy@vincent.com,252256259255258254
259,259,Mohammed,Owen,2018-01-14,Cardiff,gkennedy@vincent.com,252256259255258254
260,260,Owen,Mohammed,2018-01-17,Cardiff,gkennedy@vincent.com,260
261,261,Florence,Morris,1993-01-29,Southampton,paul49@allen.biz,263261262
262,262,Florence,Morris,1993-01-29,Southampton,paul49@allen.biz,263261262
263,263,Flcrnoe,Morris,1993-01-29,"",paul49@allen.biz,263261262
265,265,Morris,Florence,1993-04-28,Southapmtn,paul49@allen.biz,265
266,266,Robertson,Charlie,2016-09-26,"",gomezjohn@brooks.com,269266274267268
267,267,Robertson,Charlie,2016-11-08,Sheffield,gomezjohn@brooks.com,269266274267268
268,268,Robertson,Charlie,2016-11-08,Shefidle,gomezjohn@brooks.com,269266274267268
269,269,Robertson,Charlie,2016-11-08,Sheffield,goezjohn@brooks.com,269266274267268
270,270,Charlie,Robertson,2016-11-08,Sheffield,gomezmoh@brooks.coj,270271272
271,271,Charlie,Robertson,2016-11-08,Sheffield,"",270271272
272,272,Charlie,Robertson,2016-11-08,Sheffield,gomezjohn@brooks.com,270271272
274,274,Robertson,Charlie,2016-11-08,Sheffield,gomezjohn@brooks.com,269266274267268
275,275,Lil,kacJon,2000-07-30,Mansfied,lewischristopher@alack-thombs.et,275
276,276,Lily,Jackson,2000-10-08,Mansfield,"",278276
277,277,Jackson,Lily,2000-07-30,Mansfield,lewischristopher@black-thomas.net,277
278,278,Lily,Jackson,2000-07-30,Mlnsfied,lewischristophr@black-thomas.net,278276
279,279,Jackson,Sara,1999-11-04,Liverpool,kimashley@nguyen.info,285279281287283
281,281,Jackson,Sara,1999-09-18,Liverpool,kimashley@nguyen.info,285279281287283
282,282,aSa,Jkcaso,1999-09-18,Liveprol,"",282
283,283,Jackson,Sara,1999-09-18,Liverpool,kimashley@nguyen.info,285279281287283
284,284,Sara,Jackson,1999-09-18,Liverpool,kimashley@nguyen.info,284
285,285,Jackson,Sara,1999-12-18,Liverpool,kimashley@nguyen.info,285279281287283
286,286,Sara,nacsoJ,1999-09-18,"",kimashley@nguyen.info,286
287,287,Jackson,Sara,1999-09-18,Liverpool,kimashley@nguyen.info,285279281287283
288,288,Sara,Joksan,1999-09-18,Liverpool,kimaslen@yguyen.info,288
289,289,Arol,Morgan,2015-05-15,Aberdeen,charles81@nelson.biz,289
291,291,Arlo,Morgan,2015-05-15,Aberdeen,charles81@elion.bsz,291293294
292,292,Alr,Morgan,2015-05-15,Aberdeen,charles81@nelson.biz,292
293,293,Arlo,Mogar,2015-04-12,bAedeen,charles81@nelson.biz,291293294
294,294,Arlo,Morgan,2015-05-20,Adereen,charles81@nelson.biz,291293294
299,299,Jasper,Sharp,1981-07-25,London,martinsusan@woods.com,299300
300,300,Jasper,Sharp,1981-07-25,"",martinsusan@woods.com,299300
301,301,Isabelle,orBw,1979-01-22,Stoke-on-Trent,joshphwatson@smite.co,301
302,302,Isabelle,Brown,1979-01-22,"",josepwatson@smith.com,308307302303310304305309
303,303,Isabelle,Brown,1979-01-22,Stoke-on-Trent,josephwatson@smith.com,308307302303310304305309
304,304,Isabelle,Brown,1979-01-22,Stoke-on-Trent,josephwatson@smith.com,308307302303310304305309
305,305,Ieabell,Brown,1979-01-22,Stoke-on-Trent,josephwatson@smith.com,308307302303310304305309
306,306,Isabelle,Born,1979-01-22,Stte-on-Trenk,josephwatson@smith.com,306
307,307,Ilabsle,Brown,1979-01-22,Stoke-on-Trent,josephwatson@smith.com,308307302303310304305309
308,308,Isabelle,Brown,1979-01-22,Stoke-on-Trent,josephwatson@smith.com,308307302303310304305309
309,309,Isablle,Brown,1979-01-22,Ttke-on-Srent,josephwatson@smith.com,308307302303310304305309
310,310,Isabelle,Brown,1979-01-22,Stoke-on-Trent,josephwatson@smith.com,308307302303310304305309
311,311,Harrison,obsGn,2005-04-24,Lnodn,elizabeth81@smith.com,311
314,314,Gibson,Harrison,2005-04-24,London,elizabeth81@smith.com,314
316,316,Emily,Brooks,1974-03-21,"",millssamuel@alvarez-henry.com,320325316321324317318323319
317,317,Emily,Brooks,1974-02-11,"",millssamuel@alvarez-henry.com,320325316321324317318323319
318,318,Emily,ooBks,1974-02-11,mrminghaB,millssamuel@alvarez-henry.com,320325316321324317318323319
319,319,Emily,Brooks,1973-11-19,Birminmag,milssamuel@al-arezvhenry.com,320325316321324317318323319
320,320,Emily,Brooks,1974-02-11,Birmingham,millssamuel@alvarez-henry.com,320325316321324317318323319
321,321,Emily,Brooks,1974-02-11,irmBngham,millsamoel@alvarez-henry.cum,320325316321324317318323319
322,322,Brooks,Emily,1974-02-11,Birmingham,millssamuel@alvarez-henry.com,322
323,323,Emily,Brooks,1974-02-11,iBrmingam,millssamuel@alvarez-henry.com,320325316321324317318323319
324,324,Emily,Brooks,1974-02-11,Birmingham,millssamuel@alvarez-henry.com,320325316321324317318323319
325,325,Emily,Borks,1974-02-11,"",millsmamuel@alvarez-henr.cos,320325316321324317318323319
327,327,Eli a,Smth,1991-02-26,Southampton,"",327
328,328,Smith,Eliza,1990-12-16,"",lisaharmon@montgomery.com,328
329,329,Eliza,Smith,1991-02-26,Sumhatpton,"",329
330,330,ilEz,hitS,1991-02-26,Southampton,lisaharmon@montgomery.com,330
331,331,Daniel,Griffiths,2013-06-21,"",karen05@morrow.com,331
333,333,Gabriel,Potter,1977-12-21,Leeds,rachelschmitt@george-walker.com,335336333334
334,334,Gabriel,Potter,1977-12-21,Leeds,rachelschmitt@george-walker.com,335336333334
335,335,Gabriel,Potter,1977-12-21,Leed,"",335336333334
336,336,Gabriel,Potter,1977-12-21,Leeds,rache@schmittlgeorge-walker.co,335336333334
337,337,Potter,Gabriel,1977-12-21,Leeds,rachelschmitt@george-walker.com,337
338,338,Spencer,Lucas,2007-10-26,Swansea,"",338
339,339,Lucas,Spencer,2007-10-26,ewnsSa,taylor24@maldonado.info,339
341,341,rFddie,Lane,2016-02-18,London,duanejames@reyes.net,341
345,345,Feddir,Lane,2016-02-18,"",duanejames@reyes.net,345
347,347,Lane,Freddie,2016-02-18,London,duanejames@reyes.net,347
348,348,Freya,sgheH,2018-04-28,nodoL,"",348
349,349,yeFa,Hughes,2018-04-28,London,"",349
350,350,Freya,Hughes,2018-04-28,London,allison88@urley-norrrs.oig,350
351,351,Hughes,Freya,2018-04-28,London,"",351
352,352,Wallace,George,2018-10-31,StkeTon--rent,jonathan74@glover.com,356353358352
353,353,Wallace,George,2018-10-31,StoTe-n-krent,jonathan74@glover.com,356353358352
355,355,George,Wallace,2018-10-31,Stoke-on-Trent,jonathan74@glover.com,355359
356,356,Wallace,George,2018-10-31,Stoke-on-Trent,jonathan74@glover.com,356353358352
358,358,Wallace,George,2018-10-31,Stoke-on-Trent,jonathan74@glover.com,356353358352
359,359,George,Wallace,2018-10-31,Stoke-on-Trent,jonathan74@glover.com,355359
361,361,eeorG,Wellaa,2018-10-31,Stoke-on-Trent,jonathan74@glover.com,361
363,363,Nancy,Taylor,1989-07-25,London,wagnershane@landry.com,365363367364
364,364,Nancy,Taylor,1989-07-25,London,wagnershane@landry.com,365363367364
365,365,Nancy,Taylor,1989-08-19,London,wagnershane@landry.com,365363367364
366,366,Taylor,Nancy,1989-07-25,London,wagnershane@landry.com,366
367,367,Nacy,Taylor,1989-07-25,London,wagnershane@landry.com,365363367364
368,368,Lewis,Freddie,1971-12-19,Southend-on-Sea,tyler28@weaver-alvarez.com,368369
369,369,Lewis,Freddie,1971-09-14,Southend-on-Sea,tyler28@weaver-alvarez.com,368369
370,370,Freddi,Lewis,1971-12-19,Southend-on-Sea,tyler28@wecveralvarez.aom,370
372,372,Adam,Berry,1986-02-08,London,walterdunn@pham-hill.com,374375372379
373,373,Berry,Adam,1986-02-08,Loonn,"",373377381
374,374,Adam,Berry,1986-02-08,"",walterdunn@pham-hill.com,374375372379
375,375,Adam,Berr,1986-02-08,London,walterdunn@pham-hill.com,374375372379
376,376,Aad,Berry,1986-02-08,London,walterdunn@pham-hill.com,376
377,377,Berry,Adam,1985-12-04,London,walterdunn@pham-hill.com,373377381
378,378,Aam,Brre,1986-04-22,nodon,"",378
379,379,Adam,Berry,1986-04-25,Londn,walterdunn@pham-hill.com,374375372379
380,380,A ma,Bery,1986-02-08,London,walterpunn@dham-hil.com,380
381,381,Berry,Adam,1986-02-08,nondo,walterdunn@pham-hill.com,373377381
383,383,Abigail,Lewis,2017-02-05,"",jomes08@hernandz.infa,383387
384,384,Lewis,Abigail,2017-02-05,Reading,"",384385
385,385,Lewis,Abigail,2017-02-05,Reidag,james08@hernandez.info,384385
387,387,bigail,Lewis,2017-02-05,eRadig,james08@hernandez.info,383387
389,389,Roberts,Jacob,2004-03-24,London,ryannoble@bryant.info,389390391392
390,390,Roberts,Jacob,2004-04-02,London,ryannoble@bryant.info,389390391392
391,391,Roberts,Jacob,2004-01-27,London,ryannoble@bryant.info,389390391392
392,392,Roberts,Jacob,2003-10-31,London,ryannoble@bryant.info,389390391392
393,393,Jacob,Roberts,2004-01-27,London,ryannnble@bryat.info,393
397,397,Tylr,Davis,2001-07-13,Ipswich,jose33@trujillo.net,397398402400
398,398,Tyler,Davis,2001-07-13,Ipsiwh,jose33@trujillo.net,397398402400
400,400,Tyler,Davis,2001-08-23,Ipswich,jose33@trujillo.net,397398402400
401,401,Tyler,Dasi,2001-07-13,Ipswich,jos33@trujillo.net,401
402,402,Tyler,Davis,2001-07-13,Iwspih,jose33@trujillo.net,397398402400
404,404,Archie,George,1976-04-07,London,warrenanna@stuart-brooks.biz,407404
405,405,Achi e,George,1976-07-16,London,warrenanna@stuart-brooks.biz,405
406,406,Arc ei,George,1976-06-13,London,warrenanna@stuart-brooks.biz,406
407,407,Archie,Ggore,1976-07-16,Lodon,warrenanna@stuart-brooks.biz,407404
408,408,Phillips,Alex,1991-04-05,Glasog,xsmith@cooper-garcia.com,408
409,409,Alex,Phillips,1991-04-05,Glasgow,xsmith@cooper-garcia.com,411412409410
410,410,Alex,ihilPps,1991-04-05,Glasgow,xsmith@cooper-garcia.com,411412409410
411,411,Alex,Phillips,1991-04-05,"",xsmith@cooper-garcia.com,411412409410
412,412,Aex,Phillips,1991-04-05,Glasgow,xsmith@cooper-garcia.com,411412409410
413,413,Mia,Cooke,2013-12-31,London,courtneywilson@smith.com,413414418415
414,414,Mia,Cooke,2013-12-31,nondL,courtneywilson@smith.com,413414418415
415,415,Mia,Cooke,2013-11-20,oLndn,courtneywilson@smith.com,413414418415
416,416,Cooke,Mia,2013-12-31,London,courtneywilson@smith.com,416
418,418,Mia,Cooke,2013-12-31,London,courtneywilson@smith.com,413414418415
419,419,Emily,Brown,2005-07-15,Lndon,sarahbrown@mckinney.com,419427421
420,420,Brown,Emily,2005-07-15,London,sarahbrown@mckinney.com,422420
421,421,Eimy,Brown,2005-05-02,London,sarahbrown@mckinney.com,419427421
422,422,Brown,Emily,2005-07-15,London,sarahnron@mckinbey.com,422420
427,427,Emily,Brwn,2005-07-15,London,sarahbrown@mckinney.com,419427421
428,428,Oliver,Thompson,2012-02-04,"",amandn06@suttoa.cm,430428
429,429,Thompson,Oliver,2012-02-04,Leicester,amanda06@sutton.com,429
430,430,Oliver,Thompson,2012-02-04,Leicester,amanda06@sutton.com,430428
431,431,Lucy,Stone,2011-11-26,Middbeslough,ppruitt@kirby.org,431432
432,432,Lucy,Stone,2011-11-26,Middlesbrough,"",431432
433,433,L yu,Stone,2012-02-15,Middlesbrough,ppruitt@kirby.org,433
434,434,Stone,Lucy,2011-11-26,Middlesbrough,ppruitt@kirby.org,434436
436,436,Stone,Lucy,2011-11-26,Middlesbrough,"",434436
438,438,Mohammad,Williams,1997-07-18,Swansea,sholland@burke.net,438
440,440,Richards,Charlie,1991-03-13,Northampton,jacobstafford@hamilton.com,440442
441,441,Charlie,hiRards,1990-12-14,Northampton,jacnbstafford@hamiltoocom,448443445441446447
442,442,Richards,Charlie,1990-12-14,"",jacobstafford@hamilton.com,440442
443,443,Charlie,Richards,1990-12-14,Nrthanptom,jcobstafford@hmailton.com,448443445441446447
445,445,Chalie,Richards,1990-12-14,Northampton,"",448443445441446447
446,446,Charlie,Richards,1990-12-14,"",jacobstafford@hamilton.com,448443445441446447
447,447,Charlie,Ridharc,1990-12-29,Northampton,jacobstafford@hamilton.com,448443445441446447
448,448,Charlie,Richards,1990-12-14,Northampton,jachbstafford@oamiltoncom,448443445441446447
449,449,Ivy,Cunningham,1990-11-20,Nwrich,"",449451
450,450,Cunningham,Ivy,1990-11-27,Norwih,alyssa01@torres.com,452450
451,451,Ivy,Cunninmha,1990-11-02,Norwich,alyssa01@torres.com,449451
452,452,Cunningham,Ivy,1990-11-27,Norwich,alyssa01@torres.com,452450
453,453,Alfie,Catre,1997-02-09,London,jcnnifermarshall@browning.eo,459461453454
454,454,Alfi,Carter,1997-03-13,London,jennifermarshall@browning.com,459461453454
458,458,Carter,Alfie,1997-03-13,London,jennifermarshall@browning.com,458462460
459,459,Alfie,Carer,1997-03-13,London,jennifermarshall@browning.com,459461453454
460,460,Carter,Alfie,1997-06-06,London,jennifermarshall@browning.com,458462460
461,461,Alfie,Carter,1997-06-09,London,jennifermarshall@browning.com,459461453454
462,462,Carter,Alfie,1997-03-13,nonoL,jennifermarshal@brownilg.com,458462460
463,463,Isaac,Taylor,2008-09-09,Swndon,xday@higgins-lewis.com,463465
465,465,Isaac,Taylor,2008-07-01,Swindon,xday@higgins-lewis.com,463465
467,467,Gegre,Kennedy,1984-07-05,London,jonesjustin@myers.com,467
470,470,Ali,Henry,2012-11-30,Newcastle-upon-Tyne,l2ura1a@nelon.com,470
471,471,Henry,Ali,2012-11-30,Newcotle-upsn-Tyne,"",473474475471
473,473,Henry,Ali,2012-11-30,Newcastle-upon-Tyne,"",473474475471
474,474,Henry,Ali,2013-02-12,Newcaetle-upo-Tyns,laura1o@nelon.c2m,473474475471
475,475,Henry,Ali,2012-11-30,Newctsale-pon-Tyne,laura12@nelson.com,473474475471
476,476,Campbell,Mia,2005-02-12,"",stevenanderson@pierce.com,476477
477,477,Campbell,Mia,2004-11-13,gdinburh,stevenanderson@pierce.com,476477
478,478,Mia,Campbell,2004-11-13,Edinburgh,stevenanderson@pierce.com,478
479,479,Jack,Adams,1976-08-27,Leicester,becky18@roberts-frazier.info,481479
481,481,Jack,Adams,1976-08-27,reiesteL,b1cky8@roberts-frazier.info,481479
483,483,acJ,Adams,1976-11-04,Leicester,becky18@roberts-frazier.info,483
484,484,Adams,Jack,1976-08-27,Leicester,becky18@roberts-frazier.info,484486
485,485,Jack,samA,1976-08-27,Lecestre,"",485
486,486,Adams,Jack,1976-08-27,Leicester,becky18@roberts-frazier.info,484486
488,488,Cross,Thomas,1992-10-16,London,orusso@hanmck.com,488490
489,489,Thomas,Cross,1992-10-16,London,mrusso@hancock.com,491492489493
490,490,Cross,Thomas,1992-10-16,London,mrusso@hancock.com,488490
491,491,Thomas,Cross,1992-10-16,Loonn,mrusso@hancock.com,491492489493
492,492,Thomas,Cross,1992-10-16,London,mrusso@hancock.com,491492489493
493,493,Thomas,Cross,1992-10-16,London,mrusso@hancock.com,491492489493
494,494,Arlo,Porter,1982-01-27,London,debla30@ner.com,494
496,496,Oscar,Grant,1991-04-11,Iwspch,margaret50@garrett.com,496
497,497,Grant,Oscar,1991-04-11,"",margaret50@garrett.com,497
499,499,Osc a,Grant,1991-04-11,Ipswich,margaret50@garrett.com,499
500,500,Scar ett,Parsons,1985-10-02,London,shirleybaker@smith-hall.biz,500504507503505502506501
501,501,Scarlett,Psrson,1985-11-21,"","",500504507503505502506501
502,502,Scarlett,Parsons,1985-11-21,London,shirleybaker@smith-hall.biz,500504507503505502506501
503,503,Scarlett,Parsons,1985-11-21,"","",500504507503505502506501
504,504,Scarlett,Psrons,1985-08-30,Lndon,shirleybaker@smith-hall.biz,500504507503505502506501
505,505,Scalettr,Parsons,1985-11-21,London,shirleybaker@smith-hall.biz,500504507503505502506501
506,506,Scarlett,Parsons,1985-11-21,"",shireybakerlsmith-hall.biz,500504507503505502506501
507,507,ecalStt,Parsons,1985-11-21,London,shirleybaker@smith-hall.biz,500504507503505502506501
509,509,Alfie,Tyolr,2005-06-20,London,"",509
510,510,Alfie,Taylor,2005-06-20,London,michellejackson@smith-trujillo.com,513510515512
512,512,Alfie,Taylor,2005-07-14,London,"",513510515512
513,513,Alfie,Taylor,2005-06-20,London,michellejackson@smith-trujillo.com,513510515512
515,515,Alfie,Taylor,2005-06-20,"",michellejackson@smith-trujillo.com,513510515512
516,516,Ali e,Taylor,2005-06-20,London,michellejackson@smith-trujillo.com,516
517,517,Brown,Martha,2002-09-01,Southend-on-Sea,watsonthomas@jones-stuart.biz,520517523
518,518,Martha,Brown,2002-05-28,Southend-on-Sea,"",518519526521525524
519,519,Martha,Brown,2002-09-01,Southend-on-Sea,watsonthomas@jones-stuart.biz,518519526521525524
520,520,Brown,Martha,2002-09-05,Southend-on-Sea,watsonthomas@jones-stuart.biz,520517523
521,521,Martha,Brown,2002-09-01,Southend-on-Sea,watsonthomas@onesistuart.b-z,518519526521525524
522,522,Mrt ah,Brown,2002-09-01,Southend-on-Sea,watsonth@masojones-stuart.iz,522
523,523,Brown,Martha,2002-09-01,Southend-on-Sea,watsonthomas@jones-stuart.biz,520517523
524,524,Martha,Brown,2002-10-06,Southend-on-Sea,watsonthomas@jones-stuart.biz,518519526521525524
525,525,Martha,Brown,2002-09-01,Southend-on-Sea,watsonthomas@jones-stuart.biz,518519526521525524
526,526,Martha,Brown,2002-09-01,Southend-on-Sea,watsonthomas@jones-s.urttbiz,518519526521525524
527,527,Oliver,Cook,2013-02-08,Coventry,michelemorrow@hreera.com,533527529530531532
528,528,Cook,Oliver,2013-06-14,Coventry,"",528
529,529,Oliver,Cok,2013-03-24,"","",533527529530531532
530,530,Oliver,Cook,2013-03-24,Coventry,michelemorrow@herrera.com,533527529530531532
531,531,Oliver,Cok,2013-03-24,Coventry,michelemorrow@herrera.com,533527529530531532
532,532,Oliver,Cook,2013-03-24,Coventry,michelemorrow@herrera.om,533527529530531532
533,533,Oliver,Cook,2013-03-24,"",michelemorrow@herrera.com,533527529530531532
535,535,Freddie,Roberts,2004-10-10,Bolton,bromndonald@wccormick.inf,542537541540535539
537,537,Freddie,Roberts,2004-11-15,"",browndonald@mccormick.info,542537541540535539
538,538,Roberts,Freddie,2004-11-15,Bolton,brmwndoald@occormick.info,538
539,539,Fredie,Roberts,2004-11-15,Bolton,browndonald@mccormick.info,542537541540535539
540,540,Freddie,Roberts,2004-11-15,Bolton,browndonald@mccormick.info,542537541540535539
541,541,Freddie,Roberts,2004-11-15,Bolton,browndonald@mccormick.info,542537541540535539
542,542,Freddie,Roberts,2004-11-15,Bolton,browndonald@mccormick.info,542537541540535539
543,543,Frddie,Palmer,2008-11-10,Belfast,ndavis@miller-mccoy.org,545546543544
544,544,Freddie,Pamer,2008-08-10,Blfast,ndavis@miller-mccoy.org,545546543544
545,545,Freddie,Palmer,2008-08-10,Belfast,ndavis@miller-mccoy.org,545546543544
546,546,Freddie,Palmer,2008-08-10,Belfast,ndavis@miller-mccoy.org,545546543544
547,547,Palmer,Freddie,2008-08-10,Belfast,ndavis@miller-mccoy.org,547549
549,549,Palmer,Freddie,2008-07-16,Belfast,ndavis@miller-mccoy.org,547549
550,550,Hery,Owen,2016-05-16,Kingston-upon-Hull,kicolasbutler@jacnson.net,555550554552553557
552,552,Henry,Owen,2016-05-16,"",nicholasbutler@jackson.net,555550554552553557
553,553,Henry,Owen,2016-05-16,Kingston-upon-Hull,nicholasbutlesjack@on.net,555550554552553557
554,554,Henry,Owen,2016-03-06,Kingston-upon-Hull,nicholasbutler@jackson.net,555550554552553557
555,555,Henry,Owen,2016-05-16,"",nicholasbutler@jackson.net,555550554552553557
556,556,Owen,Henry,2016-05-16,Kingston-upon-Hull,nicholasbutler@jackson.net,556
557,557,Henry,Owen,2016-05-16,Kingston-upon-Hull,nicobaslutler@jackson.net,555550554552553557
558,558,Zachary,Namen,1987-04-03,London,jessicapowell@hardin-mcgee.net,558
560,560,Zachary,Nenmw,1987-04-09,London,jessicapowell@hardin-mcgee.net,560
561,561,Zachary,Newman,1987-04-03,London,jessicapowell@hardin-mcgee.net,564561562563
562,562,Zachary,Newman,1987-03-26,"",jessicapowell@hardin-mcgee.net,564561562563
563,563,Zachary,Newman,1987-04-03,London,jessicmpowell@hardinacgee.net,564561562563
564,564,Zachary,Newman,1987-04-03,Lndon,jessicapowell@hardin-mcgee.net,564561562563
565,565,Newman,Zachary,1987-04-03,London,jessicapowell@hardin-mcgee.net,565
566,566,O ars,Cunningham,1976-08-07,Brighton,douglas53@watkins.info,566
567,567,Oscar,Cunningham,1976-08-07,"",douglas53@watkins.info,570572567571568
568,568,Oscar,Cunningham,1976-08-07,Brighton,douflas53@watkns.ingo,570572567571568
569,569,Orcas,Cunningham,1976-08-07,Brighton,douglas53@watkins.info,569
570,570,Oscar,Cunningham,1976-08-07,Brighton,douglas53@watkins.info,570572567571568
571,571,Oscar,Cunningham,1976-08-07,Brighton,douglas53@watkins.info,570572567571568
572,572,Oscar,Cunningham,1976-05-24,"",douglas53@watkins.info,570572567571568
573,573,Cunningham,Oscar,1976-08-07,Brighton,douglas53@watkins.info,573
574,574,George,Williams,1981-08-06,London,desek58gibbr.biz,574575576580
575,575,George,Williams,1981-08-06,Lndon,derek58@gibbs.biz,574575576580
576,576,George,Williams,1981-08-06,London,derek58@gibbs.biz,574575576580
577,577,Williams,George,1981-08-06,London,derek58@gibbs.biz,578577
578,578,Williams,George,1981-08-06,London,derek58@gibbs.biz,578577
579,579,oeGrge,Williams,1981-08-06,London,derek58@gibbs.biz,579
580,580,Geoger,Williams,1981-07-23,London,derek58@gibbs.biz,574575576580
581,581,Eleanor,Shaw,1979-03-31,Birmingham,stephaniewebbhart.net,587590589581588
582,582,Shaw,Eleanor,1979-06-16,Birmingham,stephaniewebb@hart.net,582585
584,584,Eleanro,Sha,1979-03-31,Birmingham,"",584
585,585,Shaw,Eleanor,1979-03-31,Birmingha,stephaniewebb@hart.net,582585
587,587,Eleanor,Saw,1979-03-31,Birmingham,stephaniewebb@hart.net,587590589581588
588,588,Eleanor,Saw,1979-02-04,Birmingham,stephaniewebb@hart.net,587590589581588
589,589,Eleanor,Shaw,1979-03-31,Birmingham,stephaniewebb@hart.net,587590589581588
590,590,Eoealr,Shaw,1979-03-31,Birmingham,"",587590589581588
592,592,Maisie,Fesor,2001-08-30,London,hhill@paul-day.org,592593
593,593,Maisie,Foesr,2001-08-30,London,hhill@paul-day.org,592593
594,594,Foster,Maisie,2001-07-13,London,hhill@paul-day.org,594
595,595,Maisie,Foster,2001-08-30,Loodn,"",596597595
596,596,Maisie,Foster,2001-05-29,London,hhill@paul-day.org,596597595
597,597,Maisie,Foster,2001-08-30,London,"",596597595
598,598,King,Ryan,1982-06-22,"",cervantesjasmine@cole.net,601598600
599,599,ayn,King,1982-06-22,oLndn,cervantesjasmine@cole.net,599
600,600,King,Ryan,1982-09-12,London,cervantesjasmie@cole.net,601598600
601,601,King,Ryan,1982-08-12,London,cervantesjaemin@cols.net,601598600
602,602,Ryan,King,1982-06-22,Lndno,cervantesjasmtne@coe.nei,602
604,604,Ivy,ya,1996-04-18,Peterborough,s.ancllins@deanecom,604
605,605,Ivy,Kay,1996-04-18,Peterborough,seancollins@dean.com,606610605611609608
606,606,Ivy,Kay,1996-04-18,Peterborough,seancollins@dean.com,606610605611609608
608,608,Ivy,Kay,1996-04-18,Peterborough,seancollins@dean.com,606610605611609608
609,609,Ivy,Kay,1996-04-18,Peterborough,seancollins@dean.com,606610605611609608
610,610,Ivy,Kay,1996-04-18,Peterborough,"",606610605611609608
611,611,Ivy,Ky,1996-01-13,Peterborough,seancollins@dean.com,606610605611609608
612,612,Caleb,Kan,2000-10-09,Wirangton,vmoreno@ussell.zib,612613
613,613,Caleb,Khan,2000-10-09,Warrington,vmoreno@russell.biz,612613
614,614,Wright,Jude,2017-03-28,Belfast,lynnchapman@crawfard-lozon.com,614
615,615,Jessica,Carr,1972-02-07,"",wramirez@robinson.com,615616617
616,616,Jessica,Carr,1972-03-19,London,"",615616617
617,617,Je sica,Carr,1972-02-07,"",wrrirez@mobinson.com,615616617
618,618,Arthur,Bolton,1998-03-07,Nottingham,milesnine@floras.iz,620624621618
619,619,Bolton,Arthur,1998-03-07,Nottingham,"",625622619
620,620,Arthur,Bolton,1998-03-07,Nottingham,milesnina@flores.biz,620624621618
621,621,Arthur,Bolton,1998-03-07,Nottingham,milesnina@flores.biz,620624621618
622,622,Bolton,Arthur,1998-02-03,Nottingham,milesnina@flores.biz,625622619
624,624,Arthur,Bolton,1998-03-07,Nottingham,milesnina@flores.biz,620624621618
625,625,Bolton,Arthur,1998-04-24,Nottingham,milesnina@flores.biz,625622619
627,627,Alfie,Long,2015-02-05,London,garciarichard@brady.com,627631
630,630,Alfie,Lno,2015-04-28,London,garciarichard@brady.com,630
631,631,Alfie,Long,2015-02-05,London,garciarichard@brady.com,627631
632,632,Noah,Gibson,1987-05-18,London,avazquez@banks.com,638634637633636632635
633,633,Noah,Gibson,1987-08-16,Ldnon,avazquez@banks.com,638634637633636632635
634,634,Noah,Gibson,1987-08-21,London,avazquez@banks.com,638634637633636632635
635,635,Noah,Gibson,1987-08-21,London,avazquez@banks.com,638634637633636632635
636,636,Noa,Gibson,1987-08-21,London,avazquez@banks.com,638634637633636632635
637,637,Noah,Gibson,1987-07-20,London,avazquec@bnks.zom,638634637633636632635
638,638,Noah,Gibson,1987-08-21,London,avazquez@banks.com,638634637633636632635
639,639,Gibson,Noah,1987-06-12,London,avazquez@banks.com,640641639
640,640,Gibson,Noah,1987-08-21,London,avazquez@banks.com,640641639
641,641,Gibson,Noah,1987-08-24,London,avazquez@banks.com,640641639
642,642,Gordon,Olivia,1993-01-19,London,"",642
643,643,Oivi a,Gordon,1993-01-19,London,xfuller@roy.biz,643
644,644,Daniel,Palmer,2016-06-14,oodLn,"",645646649648644
645,645,Daniel,Palmer,2016-05-18,London,"",645646649648644
646,646,Daniel,Palmer,2016-06-14,London,stewartkevin@gross.com,645646649648644
648,648,Daneli,Palmer,2016-06-14,London,stewartkevin@gross.com,645646649648644
649,649,Daniel,Palme,2016-06-14,Loodn,stewartkevin@gross.com,645646649648644
650,650,Logan,Thompson,2009-03-25,Newcastle-upon-Tyne,mike46@contreras.biz,650
651,651,Walsh,Ella,1978-12-04,Milton,"",651
652,652,Ella,hlsW,1978-12-04,"",orrelaine@fitzgerald-rhodes.com,652
653,653,Ella,Walsh,1978-12-04,"",orrelaine@fitzgerald-rhodes.com,653
655,655,Riley,Crmaon,2018-09-23,Bournemouth,fisherdaniel@smith.com,655
656,656,Cameron,Riley,2018-06-18,Bournemouth,fisherdaniel@smith.com,656
657,657,Riley,Cameron,2018-09-18,"",fsheroaniel@smith.cdm,658659663657
658,658,Riley,Caeron,2018-06-18,Bournemouth,fisherdaniel@smith.com,658659663657
659,659,Riley,Cameron,2018-06-18,Bournemouth,fisherdaniel@smith.com,658659663657
661,661,eilR,Cameron,2018-06-18,Bournemouth,fisherdaniel@smith.com,661
663,663,Riley,Cameron,2018-06-18,Bournemouth,fisherdaniel@smith.com,658659663657
664,664,Ivy,Taylor,1980-01-13,Lonon,jonesjennmfer@pitt.coi,670669672671667664
665,665,Taylor,Ivy,1980-01-13,London,"",673665668
667,667,Ivy,Taylor,1980-01-13,London,jonesjennifer@pitts.com,670669672671667664
668,668,Taylor,Ivy,1980-01-13,London,jonesjennifer@pitts.com,673665668
669,669,Ivy,Taylor,1980-01-13,Lodno,jonesjennifer@pitts.com,670669672671667664
670,670,Ivy,Taylor,1980-03-02,London,jonesjennifer@pitts.com,670669672671667664
671,671,Ivy,Taylor,1980-01-13,London,"",670669672671667664
672,672,Ivy,Taylor,1980-01-13,noLdo,jonesjennifer@pitts.com,670669672671667664
673,673,Taylor,Ivy,1980-01-13,London,jonesjennifer@pitts.com,673665668
674,674,Saeni,Davies,2016-01-10,Plymouth,heather69@martin-bradford.biz,674
675,675,Davies,Sienna,2016-01-10,Plymouth,heathern9@mart6-bradford.biz,678675
678,678,Davies,Sienna,2016-01-10,"",heather69@martin-bradford.biz,678675
680,680,Sinna,Davies,2016-01-10,Pymolth,heather69@martin-bradford.biz,680681
681,681,Sienna,Daies,2016-01-10,Plymouth,heather69@martin-bradford.biz,680681
683,683,Taylor,Harrison,2014-03-20,London,paul44@bentley.com,683
684,684,Emma,Dixon,2013-11-25,Stockton-on-Tees,maynardhaley@clark-graves.com,684685
685,685,Emma,Dixon,2013-11-25,Stockton-on-Tees,maynardhaley@clark-graves.com,684685
686,686,Logan,Nichosno,1999-04-14,Glasgow,longdebra@dixon.com,687692686689690691
687,687,Logan,oicholsn,1999-06-10,Glasgow,longdebra@dixon.com,687692686689690691
688,688,Nicholson,Logan,1999-06-09,Glsgow,longdebra@dixon.com,688
689,689,Logan,Nicholson,1999-06-09,Glasgow,longdebra@dixon.com,687692686689690691
690,690,Logan,Niohclon,1999-05-04,Glasgow,longdebra@dixon.com,687692686689690691
691,691,Logan,Nicholson,1999-03-31,"",longdebra@dixon.com,687692686689690691
692,692,Logan,Nicholson,1999-04-19,Glasgow,longdebra@dixon.com,687692686689690691
693,693,ganL,Nicholson,1999-06-09,"",longdebrm@ixon.coa,693
694,694,nleyF,Grant,2003-07-12,Salford,brownsierra@price.com,694
696,696,Finley,Gant,2003-07-20,Salford,brownsierra@price.com,698699696697
697,697,Finley,Grant,2003-07-12,Saofrd,"",698699696697
698,698,Finley,Grant,2003-07-12,"",brownsierra@price.com,698699696697
699,699,Finley,Grant,2003-07-12,Salford,brownsierra@price.com,698699696697
700,700,Grant,Finley,2003-07-12,Salford,brownsierra@price.com,700701
701,701,Grant,Finley,2003-09-02,Salford,brownsierra@price.com,700701
702,702,Bennett,Grace,2014-08-04,nodoL,hesskayla@carter.com,702704
703,703,Grace,nBnett,2014-08-04,London,hasskaylecarter.com,703
704,704,Bennett,Grace,2014-08-04,London,hessaaylk@carte.com,702704
705,705,Grace,Bennett,2014-09-06,London,hesskayla@arter.ocm,706705
706,706,Gace,Bennett,2014-08-04,oonLn,hesskayla@carter.com,706705
707,707,Jkc,Foster,2007-08-12,London,qtran@wheeler-werner.biz,707
708,708,Jack,Foster,2007-08-12,London,qtran@wheeler-werner.biz,709710711708
709,709,Jack,Foster,2007-09-03,London,qtran@wheeler-werner.biz,709710711708
710,710,Jack,Foster,2007-08-12,London,qtranwheeler-werner.biz,709710711708
711,711,Jack,Foster,2007-06-05,London,"",709710711708
712,712,Ja c,Foster,2007-08-12,London,qtran@wheeler-werner.biz,712
714,714,Hughes,Arthur,1998-08-24,Sheffield,eileenlopez@mcmahon-long.info,714
716,716,O brien,Edward,1997-01-10,London,kendrawashington@williams-wallace.biz,716
717,717,Eawdrd,O brien,1997-01-10,London,keadrawashington@wlliams-wallnce.biz,717
718,718,Edwad,r bOin,1996-10-19,London,"",718
720,720,William,Donnelly,2000-06-27,London,taylor70@fisher.info,720
721,721,Sienna,Taylor,2005-06-04,Liverpool,javierfrederick@kelly.org,724721
723,723,Taylor,Sienna,2005-03-13,riveLpol,javierfrederik@kellr.oyg,725723
724,724,Sienna,Taylor,2005-06-04,"",javierfrederi@kkelly.org,724721
725,725,Taylor,Sienna,2005-07-23,Liverpool,javierfrederick@kelly.org,725723
726,726,Harry,Lawrence,2016-12-25,Stoke-on-Trent,aarbarpace@mbnning.org,730729726
727,727,Lawrence,Harry,2016-12-25,Stoke-on-Trent,barbarapace@manning.org,727
728,728,Hary,aLrence,2016-12-11,"",barbarapace@manning.org,728
729,729,Harry,Lawrence,2016-12-25,Stoke-on-Trent,barbarapace@manning.org,730729726
730,730,Harry,Lawrence,2016-12-25,Stoke-on-ernt,barbarapace@manning.org,730729726
731,731,Matthew,Badyel,2017-12-23,London,amandamartinez@melton.com,731
732,732,Matthew,Bradley,2018-03-18,London,amandamartinez@melton.com,734735732
734,734,Matthew,Bradley,2018-03-18,London,amandamartinez@melton.com,734735732
735,735,Matthew,Bradley,2018-03-18,London,"",734735732
736,736,Noah,Walker,2019-05-01,Leicester,jonathan52@eaton.org,736737
737,737,Noah,Walker,2019-05-01,Leicester,jonohan52@eaton.arg,736737
738,738,Lottie,errFst,1986-09-22,Bristol,jesus40@allen-graves.com,738
739,739,Lottie,Forrest,1986-09-22,Bristol,jesus40@allen-graves.com,741742743739740
740,740,Lottie,Forrest,1986-09-22,"",jesu4e@allen-grav0s.com,741742743739740
741,741,Lottie,Forrest,1986-09-22,Briosl,"",741742743739740
742,742,Lottie,Forrest,1986-09-22,Bristol,jesus40@aelen-gravls.om,741742743739740
743,743,Lottie,Forrest,1986-09-22,Bristol,jesus40@allen-gcaves.om,741742743739740
744,744,Mcha le,Taylor,1993-06-23,Brighton,rhondawilliams@gonzalez-scott.com,747751750749744748
747,747,cMhael,Taylor,1993-06-23,Brighton,rhondawilliams@gonzalez-scott.com,747751750749744748
748,748,Mcheal,Taylor,1993-06-23,Brighton,rhondawilliams@gonzalez-scott.com,747751750749744748
749,749,Michael,Taylor,1993-06-23,Brighton,rhmndawilliams@gnzalez-scott.coo,747751750749744748
750,750,hicMae,Taylor,1993-06-23,Brighton,rhondawilliams@gonzalez-scott.com,747751750749744748
751,751,Michael,Taylor,1993-03-29,Brighton,"",747751750749744748
753,753,Miller,Abigail,2001-10-03,Stoke-on-Trent,mark00@mills-carrillo.com,753
756,756,ryeT,Roberts,1983-04-03,Dudley,summerschristina@fischer.info,756
757,757,yleT,Roberts,1983-05-17,Dudley,summerschristina@fischer.info,757
759,759,Roberts,Tyler,1983-04-03,Dudley,summerschristina@fischer.info,759
760,760,Mason,Collins,1975-05-21,Birmingham,christina86@cummings.com,760765
761,761,Collins,Mason,1975-05-21,Birmingham,christina86@cummings.com,764761762
762,762,Collins,Mason,1975-05-21,Birmingham,christina86@cummings.com,764761762
764,764,Collins,Mason,1975-05-21,Birmingham,christina86@cummings.com,764761762
765,765,Mason,Coilns,1975-05-21,Birmingham,christina86@cummings.com,760765
767,767,Emliia,Baxter,1994-11-08,Edinburgh,zacharymartinez@taylor-johnson.com,767
768,768,Emilia,Btxae,1994-11-08,Edinburgh,zacharymartinez@taylor-johnson.com,768
770,770,Emilia,Baxter,1994-11-05,idEnbugh,zacharymartinez@taylor-johnson.com,770
771,771,Baxter,Emilia,1994-11-08,Edinburgh,zncharymartinez@taylo-johnsoa.com,771
772,772,James,Hopkins,1986-08-31,Birmingham,david19@willis-bowman.org,775772773774
773,773,James,Hopkins,1986-08-31,"",david19@willis-bowman.org,775772773774
774,774,James,Hopkins,1986-08-31,Birmingham,david19@willis-bowman.org,775772773774
775,775,James,Hopkins,1986-08-31,Birmingham,david19@willis-bowman.org,775772773774
777,777,Patel,Mohammed,1989-03-19,Sheffield,"",782777
778,778,Mohammed,Patel,1989-03-19,Sheffield,heather31@cabrera-reed.com,778783779780781
779,779,Moha edm,Patel,1989-03-19,Sheffield,heather31@cabrera-reed.com,778783779780781
780,780,Mohammed,Patel,1989-03-19,Sheffield,heather31@cabrera-reed.com,778783779780781
781,781,Moh medm,Patel,1989-03-19,Sheffield,he3ther1@cabrera-reed.com,778783779780781
782,782,Patel,Mohammed,1989-02-07,Sheffield,heather31@cabrera-reed.com,782777
783,783,Mohammed,Patel,1989-05-06,Sheffield,heather31@cabrera-reed.com,778783779780781
784,784,Mccarthy,Jasmine,2002-08-23,Kingston-upon-Hull,"",786784
786,786,Mccarthy,Jasmine,2002-09-08,Kingston-upon-Hull,william04@martinez.info,786784
787,787,Jasmine,Mccarthy,2002-08-23,Kingston-upon-Hull,william04@martinez.info,787788
788,788,Jasmine,Mccarthy,2002-08-23,Kingston-upon-Hull,william04@martinez.info,787788
790,790,Ivy,Parker,1989-03-02,donLn,"",790791
791,791,Ivy,Parker,1989-03-02,London,bellsara@davis-fisher.com,790791
792,792,Aisha,King,1980-04-24,Telford,"",793798795792
793,793,Aisha,King,1980-07-20,"",berrylarry@gonzales.biz,793798795792
794,794,King,Aisha,1980-04-24,Telford,berrylary@gonzalesb.iz,796797794
795,795,Aisha,King,1980-04-24,Telford,berrylarry@gonzales.biz,793798795792
796,796,King,Aisha,1980-04-24,Telford,berrylarry@gonzales.biz,796797794
797,797,King,Aisha,1980-04-24,Telford,berrylarry@gonzales.biz,796797794
798,798,Aisha,King,1980-04-24,"",berrylarry@gonzales.biz,793798795792
799,799,Benjamin,Kelly,2018-12-20,Loodn,joshua10@werner.com,799801803
801,801,Benjamin,Kelly,2018-12-20,London,joshua10@werner.com,799801803
802,802,Kelly,Benjamin,2019-01-24,London,josua10@werher.com,802
803,803,Benjamin,Kelly,2018-12-20,London,joshua10@werner.com,799801803
804,804,Darcy,Webtsr,1984-02-07,Colchester,katherine96@kim-martinez.com,804805809
804,804,Darcy,Webtsr,1984-02-07,Colchester,katherine96@kim-martinez.com,809805804812813
805,805,Darcy,Webster,1984-02-07,Coschelte,iatherine96@kkm-martinez.co,804805809
805,805,Darcy,Webster,1984-02-07,Coschelte,iatherine96@kkm-martinez.co,809805804812813
806,806,Webster,Darcy,1984-02-07,Colchester,katherine96@kim-martinez.com,806
808,808,Darcy,eebsWr,1984-02-07,Colchester,katherine96@kim-martinez.com,808
809,809,Darcy,Webster,1984-02-07,Colchester,"",804805809
809,809,Darcy,Webster,1984-02-07,Colchester,"",809805804812813
812,812,Darc,Webster,1984-02-07,Colchester,katherine96@kim-martinez.com,809805804812813
813,813,raDc,Webster,1984-02-07,Colchester,"",809805804812813
814,814,George,Hill,1984-03-16,Northampton,smithmelinda@christensen-harvey.com,814817820815819816
815,815,George,Hill,1984-03-23,Northampton,smithmelinda@christensen-harvey.com,814817820815819816
816,816,George,Hill,1984-03-16,Northampton,sminhmelinda@christtsen-harvey.com,814817820815819816
817,817,George,Hill,1984-05-07,Northampton,smithmelinda@christensen-harvey.com,814817820815819816
818,818,Geore,Hli,1984-03-15,Northampton,"",818
819,819,George,Hill,1984-03-16,"",smithmelinda@christensen-harvey.com,814817820815819816
820,820,George,Hill,1984-03-16,Northampton,smithmelinda@christensen-harvey.com,814817820815819816
822,822,Jones,Lucas,2005-10-25,London,jihnsoncrytal@jarvos-mayer.info,822
823,823,Lucas,Jones,2005-10-25,London,johnsoncrystal@jarvis-mayer.info,823824
824,824,Lucas,Jones,2005-10-25,London,"",823824
825,825,Alnxader,Russell,1982-03-24,London,virginiarodriguez@holmes.org,825829826833
826,826,Alexander,Russell,1982-05-26,Londo,virginiarodriguez@holmes.org,825829826833
827,827,Russell,Alexander,1982-03-24,Lndon,virginiarodriguez@holmes.org,832830827831
829,829,Alexander,Russell,1982-03-24,London,virginiarodriguez@holmes.org,825829826833
830,830,Russell,Alexander,1982-03-24,London,virginiarodriguez@holmes.org,832830827831
831,831,Russell,Alexander,1982-03-24,Lndon,virginiarodriguez@holmes.org,832830827831
832,832,Russell,Alexander,1982-03-24,London,virginiarodriguez@holmes.org,832830827831
833,833,Alexander,Rssell,1982-03-24,"",virginiarerigudz@holmes.org,825829826833
834,834,Ja k,Kirk,2008-02-17,London,fphillips@young-trner.info,834
835,835,Jake,Kirk,2008-02-17,"",fphillips@young-turner.info,836835
836,836,Jake,Kirk,2008-02-17,London,fphillips@young-turner.info,836835
837,837,Thomas,Thea,1982-09-29,Sheffield,"",837841
838,838,Thea,Thomas,1982-09-29,Sheffield,jeffreyrogers@hernandez.info,843838842839
839,839,Thea,Thomas,1982-09-29,Shefdief,jeffreyrogers@hernadez.info,843838842839
840,840,Thea,Tamhs,1982-09-29,Sheffield,jeffreyrogers@hernandez.info,840
841,841,Thomas,Thea,1982-09-29,"",jeffreyrogers@hernandez.info,837841
842,842,Thea,Thomas,1982-09-29,Sheffield,jeffreyrogers@hernandez.info,843838842839
843,843,Thea,Thomas,1982-09-29,Sheffield,jeffreyrogers@hernandez.info,843838842839
844,844,T ah,Thomas,1982-09-29,Sheffield,jefreyeogers@hrrnandez.info,844
846,846,Charlie,Stevenson,1972-03-25,Glasgow,vazquezangela@mahoney-torres.com,846
847,847,Mason,Francis,1975-08-30,liMtn,mccormickjeremy@ramirez.net,847849
848,848,Mason,naFcis,1975-06-11,Milton,"",848
849,849,Mason,Francis,1975-08-30,Mlton,mccormickjeremy@ramirez.net,847849
850,850,Francis,Mason,1975-08-30,"",mccormickjeremy@ramirez.net,850
851,851,Hrra,oBn,1979-12-08,noLdo,alexanderthomas@reyes.com,851
852,852,Harry,Bond,1979-12-08,nonoL,alexanderthomas@reyes.com,854852853
853,853,Harry,Bond,1979-12-08,"",alexanderthomas@reyes.com,854852853
854,854,Harry,Bond,1979-12-08,London,alexanderthomas@reyes.com,854852853
855,855,Bond,Harry,1980-02-28,London,alexanderthomas@reyes.com,855857
856,856,H rry,oBn,1979-12-12,London,alexanderthomas@reyes.com,856
857,857,Bond,Harry,1979-12-08,donLn,aeexanderthomas@reylscom,855857
858,858,Leo,Jones,1983-08-31,Manchester,"",881866879858883182864882
861,861,Jones,Leo,1983-08-31,"",smyers@andersen-lee.com,861862
862,862,Jones,Leo,1983-08-31,Manchester,"",861862
864,864,Leo,Jones,1983-07-01,Manchester,"",881866879858883182864882
866,866,Leo,Jones,1983-08-03,Manchester,smyers@andersen-lee.com,881866879858883182864882
867,867,eabAlla,Smith,2004-10-25,Leeds,kath0y2r@goodman.com,869870867
868,868,Aabellr,tmiS,2004-10-25,"",kathryn20@goodman.com,868
869,869,Arabella,Smith,2004-12-24,Leeds,kathryn20@goodman.com,869870867
870,870,Arabella,Smith,2004-10-25,Leeds,kathryn20@goodman.com,869870867
871,871,Harrison,Cole,2017-09-29,Bristol,sheltonshannon@mendez.com,873871
872,872,Cole,Harrison,2017-11-11,Bristol,sheltonshannon@mendez.com,872
873,873,Harrison,Cole,2017-09-16,Bristol,sheltenshannon@mndoz.com,873871
874,874,Wliiam,Wood,1994-07-11,Newcastle-upon-Tyne,aprilkelly@french-carlson.com,874
875,875,Wood,William,1994-09-22,Newcastle-upon-Tyne,aprilkelly@french-car.soncom,875
876,876,Isabelle,Carter,2002-05-17,Dudley,caldwellmichell@green.biz,876878
877,877,Isabelle,Crate,2002-03-18,Dudley,caldwellmichelle@green.biz,877
878,878,Ieabsll,Carter,2002-05-17,"",caldwellmichlle@green.biz,876878
879,879,Leo,Jones,2019-06-15,Ldnon,tcarr@lewis-kline.com,881866879858883182864882
881,881,Leo,Jones,2019-06-15,"",tcarr@lewis-kline.com,881866879858883182864882
882,882,Leo,Jones,2019-06-15,Lndon,tcarr@lewis-kline.com,881866879858883182864882
883,883,Leo,Jones,2019-06-15,London,tcarr@lweis-kine.com,881866879858883182864882
884,884,Jack,Perry,1976-02-16,London,lwolfe@walker.net,884
885,885,Perry,Jack,1975-11-15,donLn,"",885
886,886,Lucas,Wlliams,1976-10-30,Bristol,kennethingram@butler.com,887886
887,887,Lucas,Williams,1976-12-12,Bristol,kennethingram@butler.com,887886
888,888,Mila,Hall,2007-10-30,Bimingram,stephanieromero@smith.com,892889888890895891896
889,889,Mila,Hall,2007-11-06,Biminrham,stephanieromero@smith.com,892889888890895891896
890,890,Mila,Hall,2007-10-30,Birmingham,stephanieromero@smith.com,892889888890895891896
891,891,Mila,Hall,2007-10-30,"",stephanieromero@smith.com,892889888890895891896
892,892,Mila,Hll,2007-10-30,Bhmingram,stephanieromero@smith.com,892889888890895891896
893,893,Hall,Mila,2007-10-30,Birmingham,stephanieromero@smith.com,893
895,895,Mila,Hll,2007-11-20,Birmingham,tsephaieromero@smith.com,892889888890895891896
896,896,Mila,Hall,2007-10-30,Birmingham,stephanieromero@smith.com,892889888890895891896
898,898,George,Coo,1973-03-29,"",lgonzalez@hicks-lewis.com,898899
899,899,George,Cook,1973-03-29,London,lgonzalez@hicks-lewis.com,898899
900,900,Chloe,Miller,2018-12-08,"",zmartinez@velazquez.com,902903900904
901,901,Miller,Chloe,2018-12-08,"",zmartinez@velazquez.com,901
902,902,Chloe,Miller,2018-12-08,London,zmartinez@velazquez.com,902903900904
903,903,Chloe,Mirle,2018-11-18,London,zmartinez@ulazqvez.com,902903900904
904,904,Chloe,Miller,2018-12-08,Londo,zmartinez@velazquez.com,902903900904
905,905,rexandeA,Cooper,2001-11-25,"","",905906
906,906,Alexander,Cooper,2002-01-18,Newcastln-upn-Tyee,sarah21selmers.col,905906
907,907,Elizabeth,Maxwell,1980-07-29,Lede,edwards.atthew@mayermom,909910907
909,909,Elizabeth,xawell,1980-07-29,Lsee,"",909910907
910,910,Elizabeth,Maxwell,1980-06-09,Leeds,edwardsmatthew@mayer.com,909910907
911,911,Tyler,Huhgs,1971-10-26,Leeds,dawn74@mckay.com,915913914911
912,912,Ty el,uHghe,1971-10-26,Leeds,dawn74@mckay.com,912
913,913,Tyler,Hughes,1971-10-26,Leeds,"",915913914911
914,914,Tler,Hughes,1971-10-26,Leeds,dawn74@mckay.com,915913914911
915,915,Tyler,Hughes,1971-10-26,Leeds,dawn74@mckay.com,915913914911
916,916,eyTr,Hughes,1971-10-26,Leeds,dawn74@mckay.com,916
917,917,Hughes,Tyler,1971-10-26,Leeds,dawn74@mckay.com,917
918,918,Evie,Collns,1988-10-25,Lonod,travis53@enmen.cos,919918
919,919,Evie,Collins,1988-12-10,"",travis53@jensen.com,919918
920,920,Collins,Evie,1988-10-25,Londn,travis53@jensen.com,920
921,921,Evie,noliCs,1988-10-25,London,travis53@jensen.com,921
923,923,Anderson,Isabella,2003-10-03,London,jessicaarellano@myers-palmer.biz,923
924,924,Mills,Thomas,1970-03-09,London,hensondebbie@garcia.com,924925
925,925,Mills,Thomas,1970-03-09,London,hensondeobie@garca.cbm,924925
926,926,Thomas,Mills,1970-03-09,London,hensondrbbie@gaeia.com,926932927931929928
927,927,Thomas,Mills,1970-03-09,London,hensondebbie@garcia.com,926932927931929928
928,928,Thomas,Mills,1970-03-09,London,hensondebbie@garcia.com,926932927931929928
929,929,Thomas,Mills,1970-03-09,London,hensondebbie@garcia.com,926932927931929928
931,931,Thomas,Mills,1970-03-09,London,hensondebbie@garcia.com,926932927931929928
932,932,Thomas,Mills,1970-03-09,London,"",926932927931929928
933,933,George,Hodgson,1980-12-30,Sheffield,lori88@huynh.biz,934933938936939940
934,934,George,Hodgson,1980-12-30,Sheffield,lori8y@hu8h.biz,934933938936939940
935,935,Hodgson,George,1980-12-30,"",lori88@huynh.biz,935
936,936,George,Hodgson,1980-12-30,Sheffied,lori88@huynh.biz,934933938936939940
938,938,George,Hodgson,1980-10-21,eheffiSl,lori88@huynh.biz,934933938936939940
939,939,George,Hodgson,1980-10-09,"",nori88@huylh.bi,934933938936939940
940,940,George,Hodson,1980-12-30,"",lori88@huynh.biz,934933938936939940
942,942,Oscar,James,1985-03-26,Yro,"",942944
943,943,James,Oscar,1985-03-26,York,carlos74@byrd.com,945946943
944,944,Oscar,James,1985-03-26,"",carlos74@byrd.com,942944
945,945,James,Oscar,1985-03-26,York,carlos74@byrd.com,945946943
946,946,James,Oscar,1985-03-26,York,carlos74@byrd.com,945946943
947,947,mAeli,Johnson,1985-05-04,Luton,zlsondanielle@martino.com,949952948947951950
948,948,Amelia,Johnson,1985-05-04,"",olsondanielle@martinez.com,949952948947951950
949,949,Aelia,Johnson,1985-05-04,Lton,olsondanielle@martinez.com,949952948947951950
950,950,Ameia,Johnson,1985-05-04,Luton,olsondanielle@martinez.com,949952948947951950
951,951,Ael ai,Johnson,1985-05-04,Luton,oleondanisle@martinez.com,949952948947951950
952,952,Amelia,Johnson,1985-05-04,Luton,olsondanielle@martinez.com,949952948947951950
953,953,Johnson,Amelia,1985-05-04,Luton,olsondanielle@martinez.com,953
954,954,Amelia,Jhonso,1985-05-04,Luton,olsodanielle@martinez.com,954
955,955,Teddy,Walker,1996-11-28,Leicester,michelle49@turner.org,956957955
956,956,Teddy,Walker,1996-08-27,Leicester,"",956957955
957,957,Teddy,Walker,1996-11-05,Leecster,michelle49@turner.org,956957955
958,958,Smith,Gracie,2016-05-13,London,"",958
959,959,Gracie,Smith,2016-01-26,London,christopher02@harper-mille.com,959
960,960,Gabriel,Bartlett,1973-12-09,Wolverhampton,ogomez@robinson-mckinney.com,963960961965
961,961,Gabriel,Bartlett,1973-12-09,Wolvenamptoh,ogomez@robinson-mckinney.com,963960961965
963,963,Gabriel,Bartltt,1973-12-09,Wolverhampton,ogomez@robinson-mckinney.com,963960961965
964,964,Bartlett,Gabriel,1973-12-09,Wolverhampton,ogomez@robinson-mckinney.com,966964
965,965,Gabriel,Bartlett,1973-10-17,Wolverhampton,"",963960961965
966,966,Bartlett,Gabriel,1973-12-09,Wolverhampton,ogomez@rob-nsonimcknney.com,966964
968,968,Isla,Beattie,2008-05-07,Btlon,susanmoreno@edwards-wallace.com,970968
969,969,Beattie,Isla,2008-05-07,Bolton,susanmoreno@.dwards-allaceecom,969
970,970,Isla,Beattie,2008-05-07,Blton,susanmoreno@edwards-wallace.com,970968
972,972,Reuben,oaylT,1978-05-09,London,"",972
973,973,Taylor,Reuben,1978-05-09,London,tiffanyrodriguez@rodriguez-yu.com,973
974,974,Reuben,Taylor,1978-05-09,Lonno,tiffanyrodrigueu@rodrigzez-u.com,974975
975,975,Reuben,Taylor,1978-05-09,Lnndo,tiffanyrodriguez@rodriguez-yu.com,974975
976,976,Layla,all,1991-12-29,Newcastle-upon-Tyne,stacykelly@brown.info,977981980984979976
977,977,Layla,Ball,1992-04-02,Newcastle-upon-Tyne,stacykelly@brown.info,977981980984979976
979,979,Layla,Ball,1992-07-03,Newcastle-upon-Tyne,stacykelly@brown.info,977981980984979976
980,980,Layla,Ball,1992-04-02,Newcastle-upon-Tyne,stacykelly@brown.info,977981980984979976
981,981,Layla,Ball,1992-04-02,Newcastle-upon-Tyne,"",977981980984979976
982,982,Ball,Layla,1992-05-07,Newcastle-upoT-nye,stacykelly@brown.info,982983
983,983,Ball,Layla,1992-04-02,Newcastle-upon-Tyne,stacykelly@brown.info,982983
984,984,Laal,Ball,1992-04-02,Newcastle-upon-Tyne,stacykelly@brown.info,977981980984979976
986,986,Ellis,Jones,1997-11-18,London,tammy46@bailey-lee.net,179180184986
987,987,Sophia,Ellis,1981-08-14,Sheffield,danielle24@garcia-jones.net,988989990987
988,988,Sophia,Ellis,1981-08-14,Sheffield,danielle24@garcia-jones.net,988989990987
989,989,Sophia,Ellis,1981-10-17,Shefield,danielle24@garia-jonee.nst,988989990987
990,990,Sophi,Ellis,1981-10-21,Sheffield,danielle24@garcia-jones.net,988989990987
991,991,liL,Young,1995-09-05,London,wesleykidd@miller.com,991
992,992,ily,Young,1995-09-05,London,wesleykidd@miller.com,992
994,994,Lily,Ynuo,1995-09-05,London,"",994
995,995,Young,Lily,1995-11-13,London,wesleykidd@miller.com,995
999,999,olly,King,2015-09-21,Lnndo,christopherpierce@hoffman-ross.biz,999
